time,vehicle_id,x,y,speed,lon,lat
10.0,0_55,299.89,4699.03,0.0,9.720193762019813,52.368027382236804
10.1,0_55,299.87,4699.02,0.25,9.720193582356758,52.36802732738683
10.2,0_55,299.83,4698.99,0.51,9.720193223030645,52.368027162836896
10.3,0_55,299.76,4698.95,0.76,9.720192594209944,52.368026943436966
10.4,0_55,299.68,4698.9,1.02,9.720191875557717,52.36802666918706
10.5,0_55,299.57,4698.83,1.26,9.720190887410904,52.36802628523719
10.6,0_55,299.44,4698.75,1.47,9.720189719601034,52.368025846437334
10.7,0_55,299.3,4698.66,1.7,9.720188461959639,52.36802535278749
10.8,0_55,299.13,4698.56,1.96,9.720186934823653,52.36802480428766
10.9,0_55,298.95,4698.44,2.18,9.720185317856142,52.368024146087855
11.0,0_55,298.74,4698.32,2.42,9.720183431394046,52.36802348788804
11.1,0_55,298.53,4698.18,2.55,9.72018154493195,52.36802271998823
11.2,0_55,298.3,4698.04,2.68,9.720179478806797,52.36802195208843
11.3,0_55,298.05,4697.89,2.89,9.720177233018587,52.3680211293386
11.4,0_55,297.8,4697.72,3.05,9.720174987230376,52.3680201968888
11.5,0_55,297.52,4697.55,3.21,9.720172471947581,52.36801926443897
11.6,0_55,297.23,4697.37,3.43,9.720169866833254,52.368018277139136
11.7,0_55,296.93,4697.18,3.6,9.720167171887404,52.36801723498929
11.8,0_55,296.6,4696.98,3.81,9.720164207446967,52.36801613798941
11.9,0_55,296.26,4696.77,4.03,9.720161153175,52.36801498613951
12.0,0_55,295.9,4696.54,4.24,9.720157919239977,52.368013724589595
12.1,0_55,295.52,4696.31,4.45,9.720154505641899,52.368012463039626
12.2,0_55,295.13,4696.06,4.69,9.720151002212289,52.36801109178963
12.3,0_55,294.71,4695.8,4.91,9.720147229288095,52.368009665689605
12.4,0_55,294.28,4695.53,5.09,9.720143366532374,52.368008184739516
12.5,0_55,293.83,4695.25,5.33,9.720139324113598,52.36800664893937
12.6,0_55,293.36,4694.96,5.46,9.72013510203176,52.368005058289164
12.7,0_55,292.89,4694.66,5.6,9.720130879949924,52.368003412788894
12.8,0_55,292.39,4694.35,5.85,9.720126388373505,52.36800171243854
12.9,0_55,291.88,4694.04,5.99,9.720121806965555,52.36800001208814
13.0,0_55,291.36,4693.71,6.21,9.72011713572608,52.36799820203762
13.1,0_55,290.81,4693.37,6.4,9.720112194992016,52.36799633713702
13.2,0_55,290.25,4693.02,6.63,9.720107164426425,52.367994417386306
13.3,0_55,289.67,4692.66,6.85,9.720101954197776,52.367992442785514
13.4,0_55,289.07,4692.28,7.04,9.720096564306074,52.367990358484555
13.5,0_55,288.67,4691.72,7.18,9.720092971044934,52.36798728688297
13.6,0_55,288.34,4691.05,7.44,9.720090006604499,52.36798361193081
13.7,0_55,288.01,4690.37,7.61,9.72008704216406,52.36797988212829
13.8,0_55,287.66,4689.66,7.83,9.720083898060565,52.367975987775324
13.9,0_55,287.31,4688.94,8.04,9.720080753957072,52.36797203857197
14.0,0_55,286.95,4688.2,8.22,9.720077520022047,52.36796797966816
14.1,0_55,286.58,4687.45,8.41,9.720074196255498,52.36796386591391
14.2,0_55,286.2,4686.68,8.57,9.720070782657416,52.367959642459134
14.3,0_55,285.82,4685.89,8.76,9.720067369059338,52.36795530930383
14.4,0_55,285.43,4685.08,8.97,9.72006386562973,52.367950866447956
14.5,0_55,285.03,4684.26,9.11,9.720060272368594,52.36794636874154
14.6,0_55,284.61,4683.42,9.36,9.7200564994444,52.36794176133451
14.7,0_55,284.2,4682.57,9.54,9.720052816351735,52.3679370990769
14.8,0_55,283.77,4681.69,9.78,9.720048953596013,52.36793227226849
14.9,0_55,283.33,4680.79,9.95,9.720045001008764,52.36792733575936
15.0,0_55,282.88,4679.88,10.21,9.720040958589983,52.36792234439956
15.1,0_55,282.42,4678.94,10.47,9.720036826339676,52.36791718848885
15.2,0_55,281.95,4677.98,10.62,9.720032604257842,52.36791192287728
15.3,0_55,281.87,4676.91,10.84,9.720031885605618,52.36790605391366
15.4,0_55,281.85,4675.81,11.06,9.720031705942558,52.367900020398835
15.5,0_55,281.83,4674.68,11.32,9.720031526279502,52.36789382233275
15.6,0_55,281.81,4673.53,11.46,9.720031346616445,52.367887514565496
15.7,0_55,281.79,4672.36,11.7,9.720031166953389,52.36788109709701
15.8,0_55,281.77,4671.17,11.89,9.72003098729033,52.367874569927245
15.9,0_55,281.75,4669.97,12.03,9.720030807627275,52.367867987906344
16.0,0_55,281.72,4668.75,12.2,9.720030538132688,52.36786129618409
16.1,0_55,281.7,4667.51,12.34,9.720030358469632,52.36785449476043
16.2,0_55,281.68,4666.25,12.59,9.720030178806576,52.36784758363532
16.3,0_55,281.65,4664.98,12.76,9.72002990931199,52.36784061765892
16.4,0_55,281.63,4663.69,12.92,9.720029729648934,52.36783354198097
16.5,0_55,281.61,4662.38,13.08,9.720029549985878,52.36782635660143
16.6,0_55,281.58,4661.07,13.15,9.720029280491291,52.36781917122073
16.7,0_55,281.56,4659.75,13.11,9.720029100828235,52.367811930988594
16.8,0_55,281.53,4658.44,13.17,9.720028831333648,52.36780474560555
16.9,0_55,281.51,4657.13,13.05,9.720028651670592,52.36779756022131
17.0,0_55,281.49,4655.82,13.13,9.720028472007535,52.36779037483593
17.1,0_55,281.46,4654.51,13.12,9.72002820251295,52.36778318944936
17.2,0_55,281.44,4653.2,13.08,9.720028022849892,52.36777600406163
17.3,0_55,281.41,4651.89,13.08,9.720027753355307,52.36776881867273
17.4,0_55,281.39,4650.58,13.14,9.72002757369225,52.36776163328267
17.5,0_55,281.37,4649.27,13.09,9.720027394029195,52.367754447891436
17.6,0_55,281.34,4647.96,13.15,9.72002712453461,52.36774726249902
17.7,0_55,281.32,4646.65,13.09,9.720026944871554,52.36774007710545
17.8,0_55,281.29,4645.34,13.06,9.720026675376968,52.36773289171071
17.9,0_55,281.27,4644.03,13.14,9.720026495713912,52.3677257063148
18.0,0_55,281.25,4642.72,13.08,9.720026316050854,52.36771852091773
18.1,0_55,281.22,4641.41,13.08,9.720026046556269,52.367711335519466
18.2,0_55,281.2,4640.11,13.05,9.720025866893211,52.36770420497044
18.3,0_55,281.17,4638.8,13.06,9.720025597398626,52.36769701956985
18.4,0_55,281.15,4637.5,13.04,9.720025417735568,52.367689889018514
18.5,0_55,281.13,4636.19,13.07,9.720025238072513,52.36768270361561
18.6,0_55,281.1,4634.89,13.05,9.720024968577928,52.367675573061945
18.7,0_55,281.08,4633.57,13.12,9.720024788914872,52.36766833280628
18.8,0_55,281.06,4632.26,13.15,9.720024609251814,52.36766114739987
18.9,0_55,281.03,4630.95,13.05,9.720024339757229,52.367653961992296
19.0,0_55,281.01,4629.64,13.15,9.720024160094171,52.36764677658355
19.1,0_55,280.98,4628.33,13.07,9.720023890599586,52.36763959117362
19.2,0_55,280.96,4627.03,13.06,9.720023710936529,52.36763246061301
19.3,0_55,280.94,4625.72,13.08,9.720023531273473,52.36762527520075
19.4,0_55,280.91,4624.41,13.11,9.720023261778886,52.36761808978735
19.5,0_55,280.89,4623.09,13.16,9.72002308211583,52.367610849522265
19.6,0_55,280.86,4621.78,13.13,9.720022812621247,52.3676036641065
19.7,0_55,280.84,4620.48,13.05,9.72002263295819,52.36759653354009
19.8,0_55,280.82,4619.16,13.14,9.720022453295133,52.36758929327147
19.9,0_55,280.79,4617.85,13.12,9.720022183800547,52.3675821078522
20.0,0_55,280.77,4616.54,13.08,9.72002200413749,52.36757492243176
20.1,0_55,280.74,4615.23,13.13,9.720021734642904,52.36756773701016
20.2,0_55,280.72,4613.92,13.1,9.720021554979848,52.36756055158739
20.3,0_55,280.7,4612.61,13.09,9.720021375316792,52.36755336616344
20.4,0_55,280.67,4611.3,13.14,9.720021105822205,52.36754618073833
20.5,0_55,280.65,4609.99,13.11,9.72002092615915,52.367538995312046
20.6,0_55,280.62,4608.68,13.05,9.720020656664564,52.367531809884596
20.7,0_55,280.6,4607.37,13.14,9.720020477001507,52.367524624455974
20.8,0_55,280.58,4606.06,13.05,9.72002029733845,52.36751743902619
20.9,0_55,280.55,4604.76,13.06,9.720020027843864,52.36751030844586
21.0,0_55,280.53,4603.45,13.04,9.720019848180808,52.36750312301374
21.1,0_55,280.5,4602.14,13.15,9.720019578686223,52.36749593758045
21.2,0_55,280.48,4600.83,13.1,9.720019399023165,52.36748875214601
21.3,0_55,280.46,4599.51,13.14,9.720019219360108,52.36748151185972
21.4,0_55,280.43,4598.21,13.04,9.720018949865525,52.367474381273595
21.5,0_55,280.41,4596.9,13.09,9.720018770202465,52.36746719583563
21.6,0_55,280.38,4595.59,13.13,9.720018500707882,52.3674600103965
21.7,0_55,280.36,4594.28,13.11,9.720018321044826,52.3674528249562
21.8,0_55,280.34,4592.97,13.06,9.72001814138177,52.36744563951474
21.9,0_55,280.31,4591.66,13.16,9.720017871887183,52.3674384540721
22.0,0_55,280.29,4590.34,13.12,9.720017692224127,52.36743121377758
22.1,0_55,280.26,4589.03,13.15,9.72001742272954,52.3674240283326
22.2,0_55,280.24,4587.71,13.17,9.720017243066485,52.367416788035705
22.3,0_55,280.22,4586.4,13.16,9.720017063403427,52.36740960258839
22.4,0_55,280.19,4585.08,13.17,9.720016793908842,52.367402362289134
22.5,0_55,280.17,4583.77,13.11,9.720016614245784,52.36739517683945
22.6,0_55,280.14,4582.46,13.1,9.7200163447512,52.36738799138861
22.7,0_55,280.12,4581.15,13.1,9.720016165088143,52.367380805936605
22.8,0_55,280.09,4579.84,13.13,9.720015895593558,52.36737362048342
22.9,0_55,280.07,4578.53,13.05,9.7200157159305,52.367366435029076
23.0,0_55,280.05,4577.22,13.11,9.720015536267445,52.36735924957355
23.1,0_55,280.02,4575.91,13.1,9.72001526677286,52.367352064116865
23.2,0_55,280.0,4574.6,13.09,9.720015087109802,52.36734487865901
23.3,0_55,279.98,4573.29,13.1,9.720014907446744,52.36733769319999
23.4,0_55,279.95,4571.99,13.08,9.720014637952161,52.367330562590645
23.5,0_55,279.93,4570.68,13.05,9.720014458289102,52.36732337712929
23.6,0_55,279.9,4569.37,13.08,9.720014188794517,52.36731619166677
23.7,0_55,279.88,4568.07,13.05,9.72001400913146,52.367309061053945
23.8,0_55,279.86,4566.75,13.15,9.720013829468407,52.36730182073822
23.9,0_55,279.83,4565.44,13.14,9.72001355997382,52.36729463527219
24.0,0_55,279.81,4564.13,13.14,9.720013380310762,52.36728744980499
24.1,0_55,279.78,4562.82,13.08,9.720013110816177,52.367280264336635
24.2,0_55,279.76,4561.5,13.16,9.72001293115312,52.367273024016185
24.3,0_55,279.74,4560.2,13.05,9.720012751490064,52.3672658933964
24.4,0_55,279.71,4558.89,13.07,9.720012481995477,52.36725870792453
24.5,0_55,279.69,4557.58,13.14,9.720012302332421,52.367251522451475
24.6,0_55,279.66,4556.27,13.09,9.720012032837834,52.367244336977265
24.7,0_55,279.64,4554.96,13.08,9.720011853174778,52.3672371515019
24.8,0_55,279.62,4553.65,13.09,9.720011673511722,52.36722996602534
24.9,0_55,279.59,4552.35,13.07,9.72001140401714,52.36722283539861
25.0,0_55,279.57,4551.03,13.16,9.72001122435408,52.36721559506874
25.1,0_55,279.54,4549.72,13.05,9.720010954859497,52.36720840958869
25.2,0_55,279.52,4548.42,13.08,9.720010775196439,52.36720127895848
25.3,0_55,279.5,4547.11,13.06,9.720010595533381,52.3671940934761
25.4,0_55,279.47,4545.8,13.08,9.720010326038796,52.367186907992554
25.5,0_55,279.45,4544.49,13.12,9.72001014637574,52.367179722507835
25.6,0_55,279.42,4543.18,13.12,9.720009876881154,52.367172537021936
25.7,0_55,279.4,4541.86,13.17,9.720009697218098,52.367165296683844
25.8,0_55,279.38,4540.56,13.06,9.72000951755504,52.36715816604666
25.9,0_55,279.35,4539.24,13.17,9.720009248060457,52.3671509257062
26.0,0_55,279.33,4537.93,13.14,9.720009068397399,52.367143740215624
26.1,0_55,279.3,4536.61,13.17,9.720008798902814,52.3671364998728
26.2,0_55,279.28,4535.3,13.1,9.720008619239756,52.36712931437987
26.3,0_55,279.26,4533.99,13.1,9.7200084395767,52.367122128885796
26.4,0_55,279.23,4532.69,13.06,9.720008170082114,52.367114998241654
26.5,0_55,279.21,4531.37,13.12,9.720007990419058,52.36710775789412
26.6,0_55,279.18,4530.06,13.14,9.720007720924471,52.367100572396524
26.7,0_55,279.16,4528.74,13.16,9.720007541261415,52.36709333204662
26.8,0_55,279.14,4527.43,13.1,9.720007361598357,52.36708614654668
26.9,0_55,279.11,4526.13,13.06,9.720007092103774,52.367079015896735
27.0,0_55,279.09,4524.81,13.17,9.720006912440716,52.367071775543295
27.1,0_55,279.06,4523.51,13.07,9.720006642946132,52.367064644891016
27.2,0_55,279.04,4522.2,13.05,9.720006463283076,52.36705745938642
27.3,0_55,279.02,4520.89,13.08,9.720006283620018,52.36705027388064
27.4,0_55,278.99,4519.58,13.12,9.720006014125433,52.367043088373705
27.5,0_55,278.97,4518.28,13.06,9.720005834462377,52.3670359577168
27.6,0_55,278.94,4516.96,13.14,9.72000556496779,52.3670287173563
27.7,0_55,278.92,4515.65,13.12,9.720005385304734,52.36702153184586
27.8,0_55,278.9,4514.35,13.04,9.720005205641677,52.36701440118547
27.9,0_55,278.87,4513.04,13.07,9.720004936147092,52.3670072156727
28.0,0_55,278.85,4511.73,13.08,9.720004756484036,52.36700003015875
28.1,0_55,278.82,4510.42,13.1,9.720004486989449,52.36699284464363
28.2,0_55,278.8,4509.11,13.09,9.720004307326393,52.36698565912735
28.3,0_55,278.78,4507.8,13.09,9.720004127663335,52.36697847360989
28.4,0_55,278.75,4506.5,13.05,9.72000385816875,52.36697134294257
28.5,0_55,278.73,4505.19,13.13,9.720003678505693,52.36696415742279
28.6,0_55,278.7,4503.87,13.12,9.720003409011108,52.36695691705052
28.7,0_55,278.68,4502.56,13.09,9.72000322934805,52.36694973152839
28.8,0_55,278.66,4501.25,13.16,9.720003049684994,52.366942546005106
28.9,0_55,278.63,4499.94,13.12,9.720002780190407,52.36693536048063
29.0,0_55,278.61,4498.62,13.14,9.720002600527355,52.36692812010365
29.1,0_55,278.58,4497.31,13.1,9.720002331032768,52.36692093457684
29.2,0_55,278.56,4496.01,13.07,9.720002151369712,52.366913803900225
29.3,0_55,278.54,4494.7,13.11,9.720001971706655,52.36690661837108
29.4,0_55,278.51,4493.39,13.1,9.72000170221207,52.366899432840775
29.5,0_55,278.49,4492.08,13.11,9.720001522549012,52.366892247309295
29.6,0_55,278.46,4490.77,13.05,9.720001253054427,52.36688506177664
29.7,0_55,278.44,4489.47,13.05,9.72000107339137,52.36687793109423
29.8,0_55,278.42,4488.15,13.14,9.720000893728313,52.36687069070784
29.9,0_55,278.39,4486.84,13.14,9.720000624233727,52.36686350517169
30.0,0_55,278.37,4485.53,13.09,9.720000444570672,52.36685631963437
30.1,0_55,278.34,4484.21,13.17,9.720000175076086,52.36684907924444
30.2,0_55,278.32,4482.9,13.1,9.71999999541303,52.366841893704766
30.3,0_55,278.3,4481.59,13.11,9.719999815749972,52.36683470816393
30.4,0_55,278.27,4480.29,13.05,9.719999546255387,52.366827577473394
30.5,0_55,278.25,4478.98,13.12,9.71999936659233,52.36682039193023
30.6,0_55,278.22,4477.67,13.07,9.719999097097745,52.36681320638589
30.7,0_55,278.2,4476.36,13.11,9.719998917434687,52.366806020840386
30.8,0_55,278.18,4475.05,13.12,9.71999873777163,52.366798835293714
30.9,0_55,278.15,4473.73,13.16,9.719998468277044,52.366791594894366
31.0,0_55,278.13,4472.42,13.1,9.719998288613988,52.36678440934534
31.1,0_55,278.1,4471.11,13.1,9.719998019119405,52.366777223795154
31.2,0_55,278.08,4469.8,13.14,9.719997839456347,52.3667700382438
31.3,0_55,278.06,4468.49,13.04,9.719997659793291,52.366762852691274
31.4,0_55,278.03,4467.18,13.14,9.719997390298705,52.36675566713758
31.5,0_55,278.01,4465.87,13.14,9.719997210635649,52.366748481582725
31.6,0_55,277.98,4464.56,13.1,9.719996941141062,52.36674129602669
31.7,0_55,277.96,4463.24,13.14,9.719996761478006,52.3667340556179
31.8,0_55,277.94,4461.93,13.16,9.71999658181495,52.36672687005952
31.9,0_55,277.91,4460.62,13.05,9.719996312320363,52.36671968449998
32.0,0_55,277.89,4459.31,13.09,9.719996132657306,52.36671249893926
32.1,0_55,277.86,4458.0,13.08,9.719995863162723,52.36670531337737
32.2,0_55,277.84,4456.7,13.07,9.719995683499665,52.36669818266596
32.3,0_55,277.82,4455.39,13.09,9.719995503836609,52.36669099710174
32.4,0_55,277.79,4454.08,13.13,9.719995234342022,52.366683811536355
32.5,0_55,277.77,4452.76,13.12,9.719995054678966,52.36667657111814
32.6,0_55,277.74,4451.46,13.07,9.719994785184381,52.366669440402084
32.7,0_55,277.72,4450.15,13.09,9.719994605521324,52.3666622548332
32.8,0_55,277.7,4448.83,13.14,9.719994425858266,52.366655014411464
32.9,0_55,277.67,4447.52,13.11,9.719994156363683,52.36664782884023
33.0,0_55,277.65,4446.21,13.17,9.719993976700623,52.36664064326782
33.1,0_55,277.62,4444.89,13.16,9.719993707206042,52.36663340284254
33.2,0_55,277.6,4443.58,13.11,9.719993527542984,52.36662621726779
33.3,0_55,277.58,4442.27,13.13,9.719993347879928,52.36661903169187
33.4,0_55,277.55,4440.96,13.09,9.719993078385341,52.366611846114786
33.5,0_55,277.53,4439.65,13.06,9.719992898722285,52.36660466053653
33.6,0_55,277.5,4438.34,13.1,9.719992629227699,52.36659747495711
33.7,0_55,277.48,4437.03,13.15,9.719992449564643,52.36659028937651
33.8,0_55,277.46,4435.71,13.16,9.719992269901585,52.36658304894297
33.9,0_55,277.43,4434.41,13.05,9.719992000407,52.36657591821182
34.0,0_55,277.41,4433.1,13.05,9.719991820743942,52.36656873262771
34.1,0_55,277.38,4431.79,13.1,9.719991551249358,52.366561547042444
34.2,0_55,277.36,4430.49,13.08,9.719991371586302,52.36655441630782
34.3,0_55,277.34,4429.17,13.17,9.719991191923246,52.366547175868405
34.4,0_55,277.31,4427.85,13.14,9.71999092242866,52.36653993542781
34.5,0_55,277.29,4426.54,13.12,9.719990742765603,52.366532749837845
34.6,0_55,277.26,4425.24,13.06,9.719990473271018,52.366525619098574
34.7,0_55,277.24,4423.92,13.17,9.71999029360796,52.36651837865444
34.8,0_55,277.22,4422.61,13.15,9.719990113944903,52.36651119306099
34.9,0_55,277.19,4421.29,13.16,9.719989844450318,52.36650395261449
35.0,0_55,277.17,4419.98,13.13,9.719989664787262,52.36649676701868
35.1,0_55,277.14,4418.66,13.15,9.719989395292675,52.366489526569815
35.2,0_55,277.12,4417.36,13.04,9.71998921562962,52.36648239582357
35.3,0_55,277.09,4416.04,13.15,9.719988946135034,52.36647515537234
35.4,0_55,277.07,4414.73,13.16,9.719988766471978,52.36646796977186
35.5,0_55,277.05,4413.42,13.06,9.71998858680892,52.3664607841702
35.6,0_55,277.02,4412.11,13.14,9.719988317314336,52.36645359856736
35.7,0_55,277.0,4410.8,13.05,9.719988137651278,52.36644641296336
35.8,0_55,276.98,4409.49,13.11,9.719987957988222,52.36643922735821
35.9,0_55,276.95,4408.18,13.14,9.719987688493635,52.36643204175187
36.0,0_55,276.93,4406.87,13.11,9.71998750883058,52.36642485614438
36.1,0_55,276.9,4405.56,13.12,9.719987239335993,52.366417670535704
36.2,0_55,276.88,4404.25,13.07,9.719987059672937,52.366410484925865
36.3,0_55,276.85,4402.94,13.11,9.719986790178353,52.36640329931486
36.4,0_55,276.83,4401.63,13.06,9.719986610515297,52.366396113702685
36.5,0_55,276.81,4400.33,13.06,9.719986430852238,52.36638898294135
36.6,0_55,276.78,4399.02,13.1,9.719986161357655,52.366381797326845
36.7,0_55,276.76,4397.71,13.13,9.719985981694597,52.366374611711166
36.8,0_55,276.74,4396.4,13.09,9.71998580203154,52.36636742609433
36.9,0_55,276.71,4395.08,13.15,9.719985532536954,52.366360185624266
37.0,0_55,276.69,4393.77,13.09,9.719985352873898,52.36635300000507
37.1,0_55,276.66,4392.46,13.11,9.719985083379312,52.366345814384715
37.2,0_55,276.64,4391.15,13.16,9.719984903716256,52.36633862876319
37.3,0_55,276.62,4389.84,13.05,9.7199847240532,52.366331443140496
37.4,0_55,276.59,4388.54,13.05,9.719984454558615,52.366324312368725
37.5,0_55,276.57,4387.23,13.09,9.719984274895557,52.366317126743695
37.6,0_55,276.54,4385.91,13.13,9.719984005400972,52.36630988626539
37.7,0_55,276.52,4384.6,13.12,9.719983825737915,52.366302700638016
37.8,0_55,276.5,4383.29,13.15,9.719983646074859,52.36629551500948
37.9,0_55,276.47,4381.98,13.12,9.719983376580272,52.36628832937977
38.0,0_55,276.45,4380.66,13.15,9.719983196917216,52.366281088896756
38.1,0_55,276.42,4379.35,13.13,9.71998292742263,52.36627390326469
38.2,0_55,276.4,4378.04,13.06,9.719982747759573,52.36626671763147
38.3,0_55,276.37,4376.73,13.13,9.71998247826499,52.36625953199708
38.4,0_55,276.35,4375.41,13.17,9.719982298601932,52.36625229150933
38.5,0_55,276.33,4374.1,13.12,9.719982118938876,52.366245105872586
38.6,0_55,276.3,4372.8,13.04,9.71998184944429,52.36623797508689
38.7,0_55,276.28,4371.49,13.09,9.719981669781234,52.36623078944782
38.8,0_55,276.25,4370.17,13.15,9.719981400286647,52.36622354895536
38.9,0_55,276.23,4368.87,13.07,9.719981220623591,52.366216418166175
39.0,0_55,276.21,4367.56,13.07,9.719981040960533,52.3662092325236
39.1,0_55,276.18,4366.24,13.17,9.719980771465949,52.36620199202762
39.2,0_55,276.16,4364.93,13.1,9.71998059180289,52.36619480638269
39.3,0_55,276.13,4363.63,13.08,9.719980322308306,52.36618767558887
39.4,0_55,276.11,4362.31,13.14,9.71998014264525,52.36618043508934
39.5,0_55,276.09,4361.01,13.07,9.719979962982194,52.366173304293206
39.6,0_55,276.06,4359.7,13.05,9.719979693487607,52.36616611864361
39.7,0_55,276.04,4358.39,13.14,9.719979513824551,52.36615893299285
39.8,0_55,276.02,4357.08,13.08,9.719979334161494,52.366151747340936
39.9,0_55,275.99,4355.77,13.04,9.719979064666909,52.36614456168785
40.0,0_55,275.97,4354.47,13.04,9.71997888500385,52.36613743088591
40.1,0_55,275.94,4353.16,13.08,9.719978615509268,52.366130245230494
40.2,0_55,275.92,4351.86,13.06,9.719978435846208,52.36612311442625
40.3,0_55,275.9,4350.55,13.06,9.719978256183152,52.36611592876849
40.4,0_55,275.87,4349.24,13.1,9.71997798668857,52.36610874310958
40.5,0_55,275.85,4347.93,13.14,9.719977807025513,52.36610155744948
40.6,0_55,275.82,4346.62,13.08,9.719977537530927,52.36609437178823
40.7,0_55,275.8,4345.3,13.17,9.71997735786787,52.36608713127341
40.8,0_55,275.78,4343.99,13.15,9.719977178204813,52.36607994560981
40.9,0_55,275.75,4342.68,13.08,9.719976908710228,52.36607275994505
41.0,0_55,275.73,4341.37,13.11,9.71997672904717,52.366065574279105
41.1,0_55,275.7,4340.06,13.05,9.719976459552585,52.366058388612
41.2,0_55,275.68,4338.75,13.16,9.719976279889528,52.366051202943716
41.3,0_55,275.66,4337.43,13.17,9.719976100226472,52.36604396242182
41.4,0_55,275.63,4336.12,13.17,9.719975830731885,52.36603677675121
41.5,0_55,275.61,4334.81,13.05,9.71997565106883,52.36602959107941
41.6,0_55,275.58,4333.51,13.06,9.719975381574244,52.36602246025891
41.7,0_55,275.56,4332.2,13.08,9.719975201911188,52.36601527458479
41.8,0_55,275.54,4330.88,13.17,9.71997502224813,52.36600803405701
41.9,0_55,275.51,4329.58,13.05,9.719974752753545,52.366000903233044
42.0,0_55,275.49,4328.26,13.13,9.719974573090488,52.365993662702905
42.1,0_55,275.46,4326.95,13.14,9.719974303595903,52.36598647702411
42.2,0_55,275.44,4325.64,13.13,9.719974123932845,52.36597929134413
42.3,0_55,275.42,4324.32,13.15,9.719973944269789,52.36597205081045
42.4,0_55,275.39,4323.01,13.09,9.719973674775204,52.36596486512813
42.5,0_55,275.37,4321.7,13.13,9.719973495112148,52.36595767944464
42.6,0_55,275.34,4320.39,13.09,9.719973225617563,52.36595049375999
42.7,0_55,275.32,4319.08,13.14,9.719973045954506,52.36594330807416
42.8,0_55,275.3,4317.77,13.13,9.71997286629145,52.365936122387154
42.9,0_55,275.27,4316.46,13.11,9.719972596796863,52.36592893669899
43.0,0_55,275.25,4315.15,13.09,9.719972417133807,52.365921751009665
43.1,0_55,275.22,4313.83,13.15,9.71997214763922,52.36591451046655
43.2,0_55,275.2,4312.52,13.11,9.719971967976164,52.365907324774874
43.3,0_55,275.18,4311.21,13.08,9.719971788313106,52.36590013908203
43.4,0_55,275.15,4309.91,13.05,9.719971518818522,52.36589300824064
43.5,0_55,275.13,4308.59,13.15,9.719971339155464,52.36588576769282
43.6,0_55,275.1,4307.28,13.14,9.719971069660883,52.36587858199647
43.7,0_55,275.08,4305.97,13.1,9.719970889997823,52.36587139629894
43.8,0_55,275.05,4304.66,13.11,9.71997062050324,52.36586421060025
43.9,0_55,275.03,4303.35,13.1,9.719970440840182,52.365857024900386
44.0,0_55,275.01,4302.04,13.09,9.719970261177124,52.365849839199356
44.1,0_55,274.98,4300.73,13.14,9.71996999168254,52.36584265349716
44.2,0_55,274.96,4299.41,13.13,9.719969812019484,52.36583541294109
44.3,0_55,274.93,4298.1,13.11,9.719969542524897,52.36582822723655
44.4,0_55,274.91,4296.79,13.14,9.71996936286184,52.36582104153083
44.5,0_55,274.89,4295.48,13.11,9.719969183198783,52.36581385582395
44.6,0_55,274.86,4294.16,13.14,9.7199689137042,52.36580661526316
44.7,0_55,274.84,4292.86,13.07,9.719968734041142,52.36579948440668
44.8,0_55,274.81,4291.55,13.1,9.719968464546557,52.365792298696284
44.9,0_55,274.79,4290.23,13.17,9.7199682848835,52.36578505813196
45.0,0_55,274.77,4288.92,13.12,9.719968105220444,52.36577787241923
45.1,0_55,274.74,4287.61,13.08,9.719967835725857,52.36577068670532
45.2,0_55,274.72,4286.3,13.11,9.719967656062801,52.36576350099024
45.3,0_55,274.69,4284.99,13.14,9.719967386568214,52.365756315274005
45.4,0_55,274.67,4283.68,13.07,9.719967206905158,52.3657491295566
45.5,0_55,274.65,4282.37,13.09,9.7199670272421,52.36574194383802
45.6,0_55,274.62,4281.06,13.13,9.719966757747518,52.365734758118265
45.7,0_55,274.6,4279.75,13.09,9.71996657808446,52.36572757239735
45.8,0_55,274.57,4278.44,13.1,9.719966308589875,52.365720386675264
45.9,0_55,274.55,4277.13,13.16,9.719966128926819,52.36571320095201
46.0,0_55,274.53,4275.82,13.05,9.719965949263761,52.36570601522759
46.1,0_55,274.5,4274.51,13.08,9.719965679769176,52.36569882950199
46.2,0_55,274.48,4273.2,13.13,9.719965500106118,52.36569164377523
46.3,0_55,274.45,4271.89,13.13,9.719965230611534,52.3656844580473
46.4,0_55,274.43,4270.58,13.07,9.719965050948476,52.3656772723182
46.5,0_55,274.41,4269.27,13.1,9.71996487128542,52.36567008658793
46.6,0_55,274.38,4267.95,13.17,9.719964601790833,52.36566284600358
46.7,0_55,274.36,4266.65,13.08,9.719964422127779,52.36565571512389
46.8,0_55,274.33,4265.34,13.07,9.719964152633192,52.365648529390114
46.9,0_55,274.31,4264.03,13.15,9.719963972970136,52.365641343655184
47.0,0_55,274.29,4262.71,13.15,9.719963793307079,52.36563410306611
47.1,0_55,274.26,4261.4,13.14,9.719963523812494,52.365626917328825
47.2,0_55,274.24,4260.08,13.15,9.719963344149436,52.3656196767374
47.3,0_55,274.21,4258.77,13.15,9.719963074654851,52.365612490997755
47.4,0_55,274.19,4257.46,13.08,9.719962894991793,52.365605305256956
47.5,0_55,274.17,4256.14,13.15,9.719962715328737,52.36559806466199
47.6,0_55,274.14,4254.83,13.11,9.71996244583415,52.36559087891883
47.7,0_55,274.12,4253.53,13.05,9.719962266171098,52.365583748027525
47.8,0_55,274.09,4252.22,13.06,9.719961996676512,52.365576562282044
47.9,0_55,274.07,4250.92,13.05,9.719961817013456,52.36556943138843
48.0,0_55,274.05,4249.6,13.13,9.719961637350398,52.36556219078758
48.1,0_55,274.02,4248.29,13.15,9.719961367855813,52.3655550050386
48.2,0_55,274.0,4246.98,13.11,9.719961188192755,52.365547819288444
48.3,0_55,273.97,4245.66,13.15,9.71996091869817,52.365540578684055
48.4,0_55,273.95,4244.36,13.05,9.719960739035113,52.36553344778463
48.5,0_55,273.93,4243.04,13.16,9.719960559372057,52.36552620717788
48.6,0_55,273.9,4241.74,13.07,9.71996028987747,52.365519076276136
48.7,0_55,273.88,4240.42,13.16,9.719960110214414,52.36551183566703
48.8,0_55,273.85,4239.11,13.06,9.719959840719829,52.36550464990986
48.9,0_55,273.83,4237.81,13.07,9.719959661056773,52.36549751900463
49.0,0_55,273.81,4236.5,13.04,9.719959481393715,52.365490333245134
49.1,0_55,273.78,4235.19,13.14,9.71995921189913,52.36548314748446
49.2,0_55,273.76,4233.88,13.13,9.719959032236073,52.36547596172261
49.3,0_55,273.73,4232.56,13.11,9.719958762741488,52.365468721106446
49.4,0_55,273.71,4231.26,13.08,9.71995858307843,52.36546159019542
49.5,0_55,273.69,4229.94,13.16,9.719958403415374,52.3654543495769
49.6,0_55,273.66,4228.63,13.15,9.719958133920787,52.36544716381037
49.7,0_55,273.64,4227.31,13.13,9.719957954257731,52.36543992318948
49.8,0_55,273.61,4226.0,13.13,9.719957684763148,52.365432737420605
49.9,0_55,273.59,4224.7,13.04,9.71995750510009,52.36542560650378
50.0,0_55,273.57,4223.39,13.11,9.719957325437035,52.365418420732574
50.1,0_55,273.54,4222.08,13.05,9.719957055942448,52.36541123496021
50.2,0_55,273.52,4220.77,13.13,9.719956876279392,52.36540404918666
50.3,0_55,273.49,4219.46,13.06,9.719956606784805,52.36539686341196
50.4,0_55,273.47,4218.15,13.14,9.71995642712175,52.36538967763608
50.5,0_55,273.45,4216.84,13.12,9.719956247458692,52.36538249185904
50.6,0_55,273.42,4215.52,13.15,9.719955977964107,52.36537525122755
50.7,0_55,273.4,4214.21,13.08,9.719955798301049,52.365368065448145
50.8,0_55,273.37,4212.9,13.11,9.719955528806466,52.3653608796676
50.9,0_55,273.35,4211.59,13.17,9.719955349143408,52.36535369388586
51.0,0_55,273.33,4210.28,13.09,9.719955169480352,52.36534650810297
51.1,0_55,273.3,4208.97,13.11,9.719954899985765,52.3653393223189
51.2,0_55,273.28,4207.65,13.16,9.71995472032271,52.36533208168034
51.3,0_55,273.25,4206.34,13.16,9.719954450828125,52.36532489589393
51.4,0_55,273.23,4205.03,13.13,9.719954271165067,52.36531771010635
51.5,0_55,273.21,4203.72,13.08,9.719954091502009,52.36531052431759
51.6,0_55,273.18,4202.41,13.07,9.719953822007426,52.36530333852767
51.7,0_55,273.16,4201.1,13.12,9.719953642344366,52.365296152736576
51.8,0_55,273.13,4199.79,13.08,9.719953372849783,52.36528896694433
51.9,0_55,273.11,4198.48,13.13,9.719953193186727,52.3652817811509
52.0,0_55,273.09,4197.16,13.15,9.719953013523671,52.3652745405029
52.1,0_55,273.06,4195.86,13.07,9.719952744029085,52.36526740956054
52.2,0_55,273.04,4194.54,13.12,9.719952564366029,52.36526016891019
52.3,0_55,273.01,4193.23,13.14,9.719952294871442,52.365252983112086
52.4,0_55,272.99,4191.91,13.17,9.719952115208386,52.365245742459365
52.5,0_55,272.97,4190.6,13.11,9.719951935545328,52.3652385566589
52.6,0_55,272.94,4189.29,13.13,9.719951666050743,52.36523137085729
52.7,0_55,272.92,4187.97,13.17,9.719951486387686,52.36522413020103
52.8,0_55,272.89,4186.66,13.1,9.7199512168931,52.36521694439706
52.9,0_55,272.87,4185.35,13.17,9.719951037230045,52.36520975859192
53.0,0_55,272.85,4184.04,13.07,9.719950857566989,52.36520257278561
53.1,0_55,272.82,4182.73,13.1,9.719950588072404,52.36519538697813
53.2,0_55,272.8,4181.42,13.1,9.719950408409346,52.36518820116948
53.3,0_55,272.77,4180.11,13.13,9.719950138914761,52.365181015359674
53.4,0_55,272.75,4178.8,13.14,9.719949959251704,52.36517382954868
53.5,0_55,272.73,4177.48,13.12,9.719949779588646,52.36516658888299
53.6,0_55,272.7,4176.17,13.11,9.719949510094061,52.365159403069654
53.7,0_55,272.68,4174.86,13.12,9.719949330431005,52.365152217255165
53.8,0_55,272.65,4173.56,13.05,9.719949060936418,52.36514508629305
53.9,0_55,272.63,4172.24,13.13,9.719948881273362,52.365137845622655
54.0,0_55,272.61,4170.93,13.13,9.719948701610306,52.36513065980464
54.1,0_55,272.58,4169.62,13.15,9.719948432115721,52.36512347398547
54.2,0_55,272.56,4168.3,13.16,9.719948252452664,52.36511623331153
54.3,0_55,272.53,4166.99,13.04,9.719947982958079,52.36510904749001
54.4,0_55,272.51,4165.68,13.11,9.719947803295021,52.36510186166732
54.5,0_55,272.49,4164.38,13.07,9.719947623631965,52.36509473069709
54.6,0_55,272.46,4163.06,13.13,9.719947354137378,52.36508749001843
54.7,0_55,272.44,4161.76,13.05,9.719947174474322,52.365080359045876
54.8,0_55,272.41,4160.45,13.14,9.719946904979736,52.36507317321852
54.9,0_55,272.39,4159.14,13.1,9.71994672531668,52.36506598738999
55.0,0_55,272.37,4157.83,13.09,9.719946545653624,52.36505880156031
55.1,0_55,272.34,4156.51,13.14,9.71994627615904,52.36505156087576
55.2,0_55,272.32,4155.2,13.12,9.719946096495981,52.36504437504372
55.3,0_55,272.29,4153.89,13.11,9.719945827001398,52.36503718921051
55.4,0_55,272.27,4152.59,13.05,9.71994564733834,52.365030058229834
55.5,0_55,272.25,4151.28,13.1,9.719945467675283,52.365022872394306
55.6,0_55,272.22,4149.97,13.07,9.719945198180698,52.3650156865576
55.7,0_55,272.2,4148.66,13.11,9.719945018517642,52.36500850071972
55.8,0_55,272.17,4147.35,13.13,9.719944749023055,52.365001314880665
55.9,0_55,272.15,4146.04,13.12,9.719944569359999,52.364994129040454
56.0,0_55,272.13,4144.72,13.14,9.719944389696941,52.364986888345314
56.1,0_55,272.1,4143.41,13.14,9.719944120202356,52.36497970250276
56.2,0_55,272.08,4142.11,13.04,9.7199439405393,52.36497257151281
56.3,0_55,272.05,4140.79,13.16,9.719943671044714,52.36496533081413
56.4,0_55,272.03,4139.48,13.07,9.719943491381658,52.36495814496807
56.5,0_55,272.01,4138.17,13.09,9.719943311718602,52.36495095912083
56.6,0_55,271.98,4136.86,13.17,9.719943042224015,52.36494377327243
56.7,0_55,271.96,4135.54,13.14,9.71994286256096,52.36493653256904
56.8,0_55,271.93,4134.24,13.08,9.719942593066373,52.36492940157212
56.9,0_55,271.91,4132.92,13.15,9.719942413403317,52.364922160866364
57.0,0_55,271.89,4131.61,13.09,9.719942233740259,52.364914975013285
57.1,0_55,271.86,4130.3,13.11,9.719941964245676,52.36490778915903
57.2,0_55,271.84,4128.99,13.13,9.71994178458262,52.3649006033036
57.3,0_55,271.81,4127.68,13.12,9.719941515088033,52.36489341744701
57.4,0_55,271.79,4126.37,13.09,9.719941335424977,52.36488623158924
57.5,0_55,271.77,4125.07,13.05,9.71994115576192,52.3648791005842
57.6,0_55,271.74,4123.76,13.06,9.719940886267334,52.364871914724105
57.7,0_55,271.72,4122.44,13.17,9.719940706604277,52.36486467400894
57.8,0_55,271.69,4121.13,13.14,9.719940437109692,52.3648574881465
57.9,0_55,271.67,4119.82,13.12,9.719940257446634,52.36485030228289
58.0,0_55,271.65,4118.5,13.15,9.719940077783578,52.364843061564194
58.1,0_55,271.62,4117.19,13.11,9.719939808288993,52.36483587569823
58.2,0_55,271.6,4115.88,13.1,9.719939628625937,52.36482868983111
58.3,0_55,271.57,4114.57,13.1,9.71993935913135,52.364821503962816
58.4,0_55,271.55,4113.26,13.13,9.719939179468295,52.36481431809336
58.5,0_55,271.53,4111.95,13.07,9.719938999805237,52.36480713222273
58.6,0_55,271.5,4110.65,13.07,9.719938730310652,52.36480000120492
58.7,0_55,271.48,4109.34,13.06,9.719938550647594,52.36479281533196
58.8,0_55,271.45,4108.03,13.15,9.719938281153011,52.364785629457835
58.9,0_55,271.43,4106.72,13.11,9.719938101489952,52.36477844358254
59.0,0_55,271.41,4105.4,13.14,9.719937921826896,52.364771202852054
59.1,0_55,271.38,4104.09,13.16,9.719937652332309,52.36476401697441
59.2,0_55,271.36,4102.78,13.08,9.719937472669256,52.364756831095605
59.3,0_55,271.33,4101.47,13.08,9.71993720317467,52.364749645215625
59.4,0_55,271.31,4100.17,13.06,9.719937023511614,52.364742514188535
59.5,0_55,271.29,4098.86,13.11,9.719936843848556,52.36473532830624
59.6,0_55,271.26,4097.55,13.08,9.719936574353971,52.36472814242275
59.7,0_55,271.24,4096.24,13.08,9.719936394690913,52.364720956538115
59.8,0_55,271.21,4094.93,13.09,9.719936125196329,52.36471377065229
59.9,0_55,271.19,4093.62,13.13,9.71993594553327,52.364706584765315
60.0,0_55,271.17,4092.31,13.12,9.719935765870215,52.36469939887716
60.1,0_55,271.14,4090.99,13.15,9.719935496375628,52.36469215813372
60.2,0_55,271.12,4089.68,13.17,9.719935316712574,52.364684972243225
60.3,0_55,271.09,4088.36,13.13,9.719935047217987,52.364677731497416
60.4,0_55,271.07,4087.05,13.16,9.71993486755493,52.36467054560457
60.5,0_55,271.05,4085.74,13.1,9.719934687891874,52.36466335971056
60.6,0_55,271.02,4084.42,13.14,9.719934418397287,52.364656118961214
60.7,0_55,271.0,4083.12,13.05,9.719934238734231,52.36464898791903
60.8,0_55,271.42,4081.89,13.1,9.719938011658424,52.36464224085497
60.9,0_55,271.94,4080.69,13.07,9.719942682897901,52.364635658352476
61.0,0_55,272.45,4079.49,13.06,9.719947264305851,52.36462907584899
61.1,0_55,272.95,4078.28,13.05,9.719951755882272,52.364622438490315
61.2,0_55,273.47,4077.08,13.08,9.71995642712175,52.36461585598485
61.3,0_55,273.98,4075.87,13.09,9.7199610085297,52.36460921862419
61.4,0_55,274.49,4074.67,13.13,9.719965589937647,52.36460263611676
61.5,0_55,275.0,4073.46,13.06,9.719970171345597,52.36459599875412
61.6,0_55,275.51,4072.25,13.16,9.719974752753545,52.36458936139048
61.7,0_55,276.02,4071.05,13.07,9.719979334161494,52.3645827788801
61.8,0_55,276.54,4069.84,13.12,9.719984005400972,52.36457614151446
61.9,0_55,277.05,4068.63,13.15,9.71998858680892,52.36456950414784
62.0,0_55,277.56,4067.42,13.14,9.71999316821687,52.36456286678021
62.1,0_55,278.07,4066.21,13.07,9.719997749624818,52.36455622941159
62.2,0_55,278.58,4065.01,13.05,9.720002331032768,52.36454964689627
62.3,0_55,279.09,4063.81,13.05,9.720006912440716,52.364543064379966
62.4,0_55,279.6,4062.61,13.08,9.720011493848666,52.36453648186269
62.5,0_55,280.11,4061.4,13.06,9.720016075256616,52.36452984449011
62.6,0_55,280.63,4060.19,13.17,9.720020746496091,52.36452320711652
62.7,0_55,281.14,4058.99,13.1,9.72002532790404,52.364516624596284
62.8,0_55,281.65,4057.78,13.07,9.72002990931199,52.36450998722072
62.9,0_55,282.16,4056.57,13.15,9.72003449071994,52.36450334984415
63.0,0_55,282.67,4055.37,13.09,9.720039072127888,52.364496767320944
63.1,0_55,283.18,4054.16,13.11,9.720043653535837,52.3644901299424
63.2,0_55,283.7,4052.95,13.14,9.720048324775314,52.364483492562854
63.3,0_55,284.21,4051.74,13.15,9.720052906183264,52.3644768551823
63.4,0_55,284.72,4050.53,13.13,9.720057487591212,52.364470217800765
63.5,0_55,285.25,4049.33,13.1,9.720062248662218,52.36446363527262
63.6,0_55,285.93,4048.2,13.15,9.72006835720615,52.3644574367244
63.7,0_55,286.6,4047.08,13.1,9.720074375918555,52.36445129302973
63.8,0_55,287.28,4045.96,13.13,9.720080484462486,52.3644451493342
63.9,0_55,287.95,4044.84,13.04,9.72008650317489,52.36443900563781
64.0,0_55,288.63,4043.71,13.14,9.72009261171882,52.364432807086146
64.1,0_55,289.3,4042.59,13.07,9.720098630431226,52.364426663388045
64.2,0_55,289.98,4041.46,13.17,9.720104738975158,52.36442046483463
64.3,0_55,290.65,4040.34,13.13,9.72011075768756,52.36441432113481
64.4,0_55,291.33,4039.21,13.12,9.720116866231493,52.364408122579675
64.5,0_55,292.01,4038.09,13.14,9.720122974775427,52.36440197887814
64.6,0_55,292.68,4036.96,13.12,9.720128993487828,52.36439578032127
64.7,0_55,293.35,4035.84,13.06,9.720135012200233,52.36438963661802
64.8,0_55,294.03,4034.71,13.17,9.720141120744165,52.36438343805941
64.9,0_55,294.71,4033.59,13.08,9.720147229288095,52.36437729435445
65.0,0_55,295.38,4032.47,13.05,9.7201532480005,52.36437115064863
65.1,0_55,296.05,4031.35,13.11,9.720159266712903,52.364365006941966
65.2,0_55,296.73,4030.23,13.12,9.720165375256835,52.36435886323444
65.3,0_55,297.4,4029.1,13.09,9.720171393969238,52.36435266467151
65.4,0_55,298.08,4027.98,13.1,9.720177502513172,52.36434652096227
65.5,0_55,298.75,4026.86,13.08,9.720183521225575,52.36434037725217
65.6,0_55,299.43,4025.73,13.14,9.720189629769505,52.36433417868666
65.7,0_55,300.11,4024.61,13.15,9.72019573831344,52.36432803497485
65.8,0_55,300.78,4023.48,13.13,9.720201757025842,52.3643218364076
65.9,0_55,301.46,4022.36,13.1,9.720207865569774,52.36431569269407
66.0,0_55,302.13,4021.23,13.1,9.720213884282176,52.364309494125095
66.1,0_55,302.81,4020.11,13.11,9.720219992826111,52.364303350409834
66.2,0_55,303.48,4018.99,13.08,9.720226011538513,52.36429720669374
66.3,0_55,304.16,4017.86,13.14,9.720232120082445,52.364291008122166
66.4,0_55,304.83,4016.75,13.05,9.72023813879485,52.36428491925898
66.5,0_55,305.51,4015.62,13.13,9.720244247338782,52.364278720685675
66.6,0_55,306.18,4014.5,13.09,9.720250266051185,52.36427257696615
66.7,0_55,306.86,4013.37,13.16,9.720256374595117,52.36426637839112
66.8,0_55,307.53,4012.25,13.12,9.720262393307522,52.36426023466988
66.9,0_55,308.21,4011.12,13.07,9.720268501851452,52.36425403609312
67.0,0_55,308.88,4010.0,13.13,9.720274520563855,52.364247892370166
67.1,0_55,309.56,4008.88,13.04,9.720280629107789,52.36424174864635
67.2,0_55,310.23,4007.76,13.07,9.720286647820192,52.36423560492168
67.3,0_55,310.9,4006.64,13.06,9.720292666532595,52.36422946119617
67.4,0_55,311.58,4005.52,13.13,9.720298775076527,52.36422331746979
67.5,0_55,312.26,4004.39,13.16,9.720304883620459,52.364217118887844
67.6,0_55,312.93,4003.27,13.1,9.720310902332862,52.36421097515975
67.7,0_55,313.61,4002.14,13.13,9.720317010876796,52.36420477657608
67.8,0_55,314.28,4001.02,13.05,9.7203230295892,52.364198632846275
67.9,0_55,314.95,3999.9,13.05,9.720329048301602,52.364192489115624
68.0,0_55,315.63,3998.78,13.15,9.720335156845533,52.3641863453841
68.1,0_55,316.31,3997.65,13.17,9.720341265389466,52.364180146796976
68.2,0_55,316.98,3996.53,13.08,9.72034728410187,52.36417400306374
68.3,0_55,317.65,3995.41,13.08,9.72035330281427,52.364167859329655
68.4,0_55,318.33,3994.29,13.08,9.720359411358206,52.36416171559472
68.5,0_55,319.0,3993.16,13.1,9.720365430070608,52.36415551700413
68.6,0_55,319.68,3992.03,13.17,9.72037153861454,52.36414931841268
68.7,0_55,320.36,3990.91,13.16,9.720377647158474,52.36414317467516
68.8,0_55,321.03,3989.79,13.05,9.720383665870877,52.36413703093678
68.9,0_55,321.7,3988.67,13.06,9.72038968458328,52.36413088719755
69.0,0_55,322.38,3987.54,13.12,9.720395793127212,52.364124688602644
69.1,0_55,323.05,3986.42,13.11,9.720401811839617,52.3641185448617
69.2,0_55,323.73,3985.3,13.08,9.720407920383547,52.364112401119904
69.3,0_55,324.4,3984.17,13.12,9.72041393909595,52.3641062025224
69.4,0_55,325.08,3983.05,13.14,9.720420047639884,52.36410005877889
69.5,0_55,325.76,3981.92,13.12,9.720426156183816,52.36409386017964
69.6,0_55,326.43,3980.8,13.14,9.720432174896217,52.36408771643442
69.7,0_55,327.11,3979.68,13.07,9.720438283440153,52.36408157268833
69.8,0_55,327.78,3978.55,13.13,9.720444302152554,52.364075374086504
69.9,0_55,328.45,3977.43,13.05,9.720450320864957,52.3640692303387
70.0,0_55,329.13,3976.31,13.15,9.72045642940889,52.36406308659004
70.1,0_55,329.81,3975.18,13.11,9.720462537952823,52.36405688798562
70.2,0_55,330.5,3974.08,13.05,9.720468736328282,52.36405085394509
70.3,0_55,331.27,3973.01,13.13,9.72047565335597,52.3640449844685
70.4,0_55,332.03,3971.94,13.17,9.72048248055213,52.36403911499114
70.5,0_55,332.8,3970.88,13.08,9.720489397579819,52.36403330036793
70.6,0_55,333.56,3969.82,13.06,9.720496224775978,52.36402748574396
70.7,0_55,334.32,3968.76,13.06,9.720503051972136,52.36402167111922
70.8,0_55,335.09,3967.69,13.13,9.720509968999824,52.364015801638764
70.9,0_55,335.86,3966.63,13.13,9.720516886027513,52.36400998701248
71.0,0_55,336.62,3965.57,13.05,9.72052371322367,52.36400417238545
71.1,0_55,337.38,3964.5,13.1,9.72053054041983,52.36399830290265
71.2,0_55,338.15,3963.44,13.12,9.720537457447517,52.36399248827408
71.3,0_55,338.91,3962.38,13.06,9.720544284643676,52.36398667364474
71.4,0_55,339.68,3961.31,13.11,9.720551201671364,52.363980804159624
71.5,0_55,340.44,3960.25,13.11,9.720558028867524,52.36397498952874
71.6,0_55,341.21,3959.18,13.11,9.720564945895212,52.36396912004208
71.7,0_55,341.98,3958.12,13.17,9.720571862922899,52.36396330540967
71.8,0_55,342.74,3957.06,13.05,9.720578690119059,52.36395749077648
71.9,0_55,343.51,3955.99,13.12,9.720585607146747,52.36395162128749
72.0,0_55,344.27,3954.93,13.09,9.720592434342906,52.36394580665277
72.1,0_55,345.03,3953.87,13.05,9.720599261539064,52.36393999201728
72.2,0_55,345.8,3952.8,13.14,9.720606178566754,52.36393412252597
72.3,0_55,346.56,3951.74,13.04,9.720613005762912,52.36392830788895
72.4,0_55,347.33,3950.68,13.08,9.7206199227906,52.36392249325116
72.5,0_55,348.09,3949.61,13.16,9.72062674998676,52.36391662375752
72.6,0_55,348.86,3948.55,13.12,9.720633667014447,52.36391080911819
72.7,0_55,349.63,3947.48,13.12,9.720640584042133,52.363904939623
72.8,0_55,350.39,3946.42,13.14,9.720647411238293,52.363899124982126
72.9,0_55,351.16,3945.35,13.1,9.720654328265981,52.36389325548539
73.0,0_55,351.93,3944.28,13.15,9.72066124529367,52.36388738598786
73.1,0_55,352.69,3943.22,13.12,9.720668072489827,52.363881571344685
73.2,0_55,353.46,3942.15,13.11,9.720674989517516,52.36387570184562
73.3,0_55,354.22,3941.09,13.07,9.720681816713675,52.363869887200906
73.4,0_55,354.98,3940.03,13.07,9.720688643909835,52.36386407255542
73.5,0_55,355.75,3938.97,13.15,9.720695560937523,52.36385825790918
73.6,0_55,356.52,3937.9,13.09,9.72070247796521,52.36385238840701
73.7,0_55,357.28,3936.84,13.14,9.72070930516137,52.36384657375923
73.8,0_55,358.05,3935.78,13.04,9.720716222189058,52.36384075911068
73.9,0_55,358.82,3934.71,13.17,9.720723139216744,52.36383488960618
74.0,0_55,359.58,3933.64,13.1,9.720729966412906,52.36382902010091
74.1,0_55,360.35,3932.58,13.16,9.720736883440592,52.36382320545005
74.2,0_55,361.12,3931.51,13.14,9.720743800468282,52.363817335943224
74.3,0_55,361.88,3930.45,13.05,9.720750627664438,52.363811521290835
74.4,0_55,362.65,3929.38,13.17,9.720757544692125,52.36380565178245
74.5,0_55,363.41,3928.32,13.08,9.720764371888286,52.36379983712852
74.6,0_55,364.17,3927.26,13.08,9.720771199084446,52.36379402247381
74.7,0_55,364.94,3926.2,13.04,9.720778116112132,52.36378820781836
74.8,0_55,365.7,3925.13,13.13,9.720784943308292,52.363782338306876
74.9,0_55,366.47,3924.07,13.06,9.72079186033598,52.36377652364988
75.0,0_55,367.23,3923.01,13.07,9.720798687532138,52.36377070899211
75.1,0_55,368.0,3921.94,13.12,9.720805604559828,52.36376483947831
75.2,0_55,368.76,3920.88,13.15,9.720812431755986,52.363759024819004
75.3,0_55,369.53,3919.81,13.14,9.720819348783676,52.36375315530365
75.4,0_55,370.3,3918.74,13.11,9.720826265811363,52.36374728578751
75.5,0_55,371.06,3917.68,13.1,9.72083309300752,52.36374147112589
75.6,0_55,371.83,3916.61,13.17,9.72084001003521,52.36373560160822
75.7,0_55,372.59,3915.55,13.07,9.720846837231369,52.363729786945065
75.8,0_55,373.36,3914.48,13.15,9.720853754259057,52.36372391742582
75.9,0_55,374.13,3913.42,13.08,9.720860671286744,52.36371810276113
76.0,0_55,374.89,3912.35,13.15,9.720867498482901,52.363712233240335
76.1,0_55,375.66,3911.29,13.13,9.72087441551059,52.36370641857411
76.2,0_55,376.43,3910.22,13.14,9.720881332538278,52.36370054905177
76.3,0_55,377.19,3909.16,13.09,9.720888159734438,52.363694734384005
76.4,0_55,377.96,3908.1,13.09,9.720895076762126,52.36368891971548
76.5,0_55,378.73,3907.03,13.17,9.720901993789813,52.36368305019081
76.6,0_55,379.49,3905.96,13.15,9.720908820985972,52.363677180665356
76.7,0_55,380.26,3904.89,13.13,9.72091573801366,52.36367131113912
76.8,0_55,381.03,3903.83,13.13,9.720922655041349,52.36366549646751
76.9,0_55,381.79,3902.76,13.14,9.720929482237509,52.36365962693974
77.0,0_55,382.56,3901.7,13.07,9.720936399265195,52.363653812266584
77.1,0_55,383.32,3900.63,13.16,9.720943226461356,52.36364794273725
77.2,0_55,384.09,3899.57,13.07,9.720950143489043,52.36364212806257
77.3,0_55,384.85,3898.51,13.12,9.7209569706852,52.36363631338711
77.4,0_55,385.62,3897.44,13.15,9.720963887712891,52.36363044385546
77.5,0_55,386.39,3896.37,13.14,9.720970804740576,52.36362457432302
77.6,0_55,387.16,3895.3,13.14,9.720977721768264,52.3636187047898
77.7,0_55,387.92,3894.24,13.16,9.720984548964424,52.36361289011127
77.8,0_55,388.69,3893.17,13.11,9.720991465992112,52.363607020576495
77.9,0_55,389.46,3892.11,13.15,9.720998383019799,52.36360120589642
78.0,0_55,390.22,3891.05,13.05,9.721005210215958,52.36359539121558
78.1,0_55,390.99,3889.98,13.14,9.721012127243647,52.36358952167849
78.2,0_55,391.75,3888.92,13.1,9.721018954439806,52.36358370699611
78.3,0_55,392.51,3887.86,13.05,9.721025781635964,52.36357789231297
78.4,0_55,393.28,3886.79,13.13,9.721032698663654,52.363572022773546
78.5,0_55,394.05,3885.72,13.13,9.72103961569134,52.36356615323335
78.6,0_55,394.82,3884.66,13.16,9.72104653271903,52.3635603385479
78.7,0_55,395.58,3883.59,13.13,9.721053359915189,52.36355446900615
78.8,0_55,396.35,3882.52,13.14,9.721060276942877,52.36354859946361
78.9,0_55,397.12,3881.46,13.09,9.721067193970564,52.36354278477585
79.0,0_55,397.88,3880.39,13.17,9.721074021166721,52.36353691523177
79.1,0_55,398.65,3879.32,13.17,9.72108093819441,52.36353104568691
79.2,0_55,399.42,3878.26,13.08,9.721087855222097,52.363525230996835
79.3,0_55,400.18,3877.2,13.06,9.721094682418258,52.363519416306005
79.4,0_55,400.95,3876.13,13.14,9.721101599445944,52.36351354675881
79.5,0_55,401.71,3875.07,13.12,9.721108426642104,52.36350773206644
79.6,0_55,402.48,3874.01,13.07,9.721115343669792,52.36350191737329
79.7,0_55,403.24,3872.95,13.06,9.72112217086595,52.36349610267939
79.8,0_55,404.01,3871.88,13.13,9.721129087893638,52.3634902331291
79.9,0_55,404.77,3870.81,13.13,9.721135915089798,52.36348436357803
80.0,0_55,405.54,3869.74,13.17,9.721142832117486,52.363478494026204
80.1,0_55,406.3,3868.68,13.06,9.721149659313646,52.3634726793292
80.2,0_55,407.07,3867.63,13.05,9.721156576341334,52.36346691948709
80.3,0_55,407.83,3866.56,13.13,9.721163403537492,52.36346104993293
80.4,0_55,408.59,3865.5,13.05,9.721170230733652,52.36345523523365
80.5,0_55,409.36,3864.44,13.06,9.72117714776134,52.36344942053359
80.6,0_55,410.12,3863.38,13.06,9.7211839749575,52.363443605832785
80.7,0_55,410.89,3862.31,13.16,9.721190891985186,52.36343773627552
80.8,0_55,411.65,3861.25,13.08,9.721197719181344,52.36343192157318
80.9,0_55,412.42,3860.18,13.17,9.721204636209032,52.363426052014354
81.0,0_55,413.19,3859.11,13.15,9.72121155323672,52.363420182454774
81.1,0_55,413.95,3858.05,13.07,9.72121838043288,52.36341436775011
81.2,0_55,414.72,3856.99,13.07,9.721225297460569,52.36340855304468
81.3,0_55,415.48,3855.92,13.13,9.721232124656726,52.36340268348276
81.4,0_55,416.25,3854.86,13.12,9.721239041684415,52.3633968687758
81.5,0_55,417.02,3853.79,13.15,9.721245958712103,52.36339099921233
81.6,0_55,417.78,3852.73,13.08,9.721252785908263,52.36338518450383
81.7,0_55,418.54,3851.67,13.08,9.72125961310442,52.36337936979456
81.8,0_55,419.31,3850.6,13.13,9.72126653013211,52.36337350022876
81.9,0_55,420.08,3849.54,13.11,9.721273447159797,52.36336768551796
82.0,0_55,420.84,3848.47,13.16,9.721280274355957,52.36336181595061
82.1,0_55,421.61,3847.41,13.11,9.721287191383645,52.36335600123827
82.2,0_55,422.37,3846.34,13.09,9.721294018579803,52.36335013166937
82.3,0_55,423.14,3845.28,13.06,9.72130093560749,52.36334431695549
82.4,0_55,423.9,3844.22,13.05,9.721307762803649,52.363338502240836
82.5,0_55,424.66,3843.16,13.05,9.721314589999809,52.36333268752543
82.6,0_55,425.43,3842.1,13.16,9.721321507027497,52.363326872809246
82.7,0_55,426.19,3841.03,13.07,9.721328334223656,52.36332100323649
82.8,0_55,426.96,3839.97,13.17,9.721335251251345,52.36331518851877
82.9,0_55,427.72,3838.89,13.17,9.721342078447503,52.36330926408861
83.0,0_55,428.45,3837.81,13.05,9.721348636149077,52.36330333965766
83.1,0_55,429.19,3836.73,13.08,9.721355283682179,52.363297415225915
83.2,0_55,429.93,3835.65,13.06,9.72136193121528,52.36329149079337
83.3,0_55,430.68,3834.57,13.16,9.721368668579913,52.36328556636004
83.4,0_55,431.42,3833.49,13.07,9.721375316113015,52.36327964192591
83.5,0_55,432.16,3832.41,13.11,9.721381963646119,52.36327371749098
83.6,0_55,432.9,3831.33,13.11,9.72138861117922,52.363267793055265
83.7,0_55,433.64,3830.25,13.14,9.721395258712324,52.36326186861875
83.8,0_55,434.39,3829.16,13.16,9.721401996076954,52.363255889325536
83.9,0_55,435.13,3828.08,13.15,9.721408643610056,52.36324996488744
84.0,0_55,435.87,3827.0,13.1,9.72141529114316,52.36324404044852
84.1,0_55,436.61,3825.92,13.08,9.721421938676263,52.36323811600884
84.2,0_55,437.36,3824.83,13.15,9.721428676040894,52.363232136712405
84.3,0_55,438.1,3823.75,13.1,9.721435323573996,52.36322621227111
84.4,0_55,438.84,3822.67,13.12,9.7214419711071,52.363220287829016
84.5,0_55,439.58,3821.59,13.15,9.721448618640201,52.363214363386135
84.6,0_55,440.32,3820.51,13.09,9.721455266173304,52.36320843894246
84.7,0_55,441.06,3819.43,13.08,9.721461913706404,52.363202514497985
84.8,0_55,441.81,3818.34,13.16,9.721468651071035,52.36319653519674
84.9,0_55,442.55,3817.27,13.06,9.721475298604139,52.36319066560665
85.0,0_55,443.29,3816.19,13.1,9.72148194613724,52.36318474115981
85.1,0_55,444.03,3815.11,13.09,9.721488593670344,52.36317881671215
85.2,0_55,444.77,3814.03,13.08,9.721495241203446,52.363172892263705
85.3,0_55,445.51,3812.95,13.08,9.72150188873655,52.36316696781447
85.4,0_55,446.25,3811.87,13.17,9.721508536269651,52.363161043364435
85.5,0_55,447.0,3810.79,13.1,9.721515273634282,52.36315511891361
85.6,0_55,447.74,3809.7,13.11,9.721521921167383,52.36314913960596
85.7,0_55,448.48,3808.62,13.17,9.721528568700487,52.36314321515353
85.8,0_55,449.23,3807.53,13.16,9.721535306065118,52.36313723584426
85.9,0_55,449.97,3806.45,13.11,9.72154195359822,52.36313131139024
86.0,0_55,450.71,3805.37,13.09,9.721548601131323,52.36312538693542
86.1,0_55,451.45,3804.29,13.1,9.721555248664425,52.36311946247982
86.2,0_55,452.19,3803.21,13.15,9.721561896197528,52.36311353802342
86.3,0_55,452.93,3802.13,13.05,9.72156854373063,52.363107613566214
86.4,0_55,453.67,3801.06,13.07,9.721575191263732,52.36310174396432
86.5,0_55,454.41,3799.98,13.09,9.721581838796833,52.363095819505546
86.6,0_55,455.15,3798.9,13.07,9.721588486329937,52.363089895045974
86.7,0_55,455.89,3797.82,13.07,9.721595133863039,52.363083970585606
86.8,0_55,456.63,3796.74,13.07,9.721601781396142,52.363078046124436
86.9,0_55,457.37,3795.66,13.15,9.721608428929246,52.36307212166248
87.0,0_55,458.12,3794.57,13.17,9.721615166293876,52.3630661423436
87.1,0_55,458.86,3793.49,13.1,9.721621813826978,52.36306021788004
87.2,0_55,459.6,3792.41,13.08,9.721628461360082,52.3630542934157
87.3,0_55,460.34,3791.33,13.12,9.721635108893183,52.36304836895056
87.4,0_55,461.08,3790.26,13.06,9.721641756426287,52.363042499340786
87.5,0_55,461.82,3789.18,13.1,9.721648403959389,52.36303657487406
87.6,0_55,462.56,3788.1,13.06,9.72165505149249,52.36303065040654
87.7,0_55,463.3,3787.02,13.1,9.721661699025594,52.36302472593823
87.8,0_55,464.04,3785.94,13.06,9.721668346558696,52.36301880146913
87.9,0_55,464.78,3784.86,13.12,9.7216749940918,52.363012876999235
88.0,0_55,465.53,3783.78,13.13,9.72168173145643,52.363006952528536
88.1,0_55,466.27,3782.7,13.08,9.721688378989532,52.36300102805704
88.2,0_55,467.01,3781.61,13.14,9.721695026522635,52.36299504872853
88.3,0_55,467.75,3780.53,13.13,9.721701674055737,52.36298912425545
88.4,0_55,468.49,3779.45,13.09,9.721708321588839,52.36298319978156
88.5,0_55,469.24,3778.37,13.15,9.72171505895347,52.362977275306896
88.6,0_55,469.98,3777.28,13.14,9.721721706486571,52.36297129597517
88.7,0_55,470.72,3776.21,13.04,9.721728354019675,52.36296542635516
88.8,0_55,471.46,3775.13,13.07,9.721735001552776,52.3629595018781
88.9,0_55,472.2,3774.05,13.14,9.72174164908588,52.36295357740025
89.0,0_55,472.95,3772.96,13.16,9.72174838645051,52.36294759806531
89.1,0_55,473.69,3771.88,13.13,9.721755033983614,52.362941673585865
89.2,0_55,474.43,3770.8,13.07,9.721761681516716,52.362935749105624
89.3,0_55,475.17,3769.72,13.16,9.721768329049818,52.362929824624594
89.4,0_55,475.92,3768.63,13.12,9.721775066414448,52.362923845286446
89.5,0_55,476.65,3767.56,13.06,9.721781624116023,52.36291797566014
89.6,0_55,477.39,3766.48,13.05,9.721788271649125,52.362912051176714
89.7,0_55,478.14,3765.4,13.15,9.721795009013755,52.3629061266925
89.8,0_55,478.88,3764.32,13.07,9.721801656546859,52.36290020220749
89.9,0_55,479.62,3763.24,13.09,9.721808304079964,52.362894277721686
90.0,0_55,480.36,3762.16,13.13,9.721814951613064,52.362888353235086
90.1,0_55,481.1,3761.08,13.11,9.721821599146168,52.362882428747696
90.2,0_55,481.85,3759.99,13.16,9.721828336510798,52.36287644940314
90.3,0_55,482.59,3758.91,13.09,9.7218349840439,52.36287052491414
90.4,0_55,483.33,3757.83,13.11,9.721841631577004,52.362864600424366
90.5,0_55,484.07,3756.75,13.09,9.721848279110105,52.36285867593378
90.6,0_55,484.81,3755.68,13.05,9.721854926643209,52.36285280629882
90.7,0_55,485.55,3754.59,13.12,9.72186157417631,52.36284682695024
90.8,0_55,486.29,3753.52,13.04,9.721868221709412,52.36284095731371
90.9,0_55,487.03,3752.44,13.15,9.721874869242514,52.362835032819966
91.0,0_55,487.56,3751.16,13.05,9.721879630313522,52.36282801119671
91.1,0_55,488.0,3749.8,13.17,9.721883582900771,52.362820550720784
91.2,0_55,487.78,3748.43,13.06,9.721881606607145,52.36281303538715
91.3,0_55,487.44,3747.05,13.08,9.721878552335179,52.36280546519577
91.4,0_55,487.11,3745.67,13.1,9.721875587894743,52.362797895003084
91.5,0_55,487.39,3744.32,13.07,9.721878103177536,52.36279048937856
91.6,0_55,487.87,3742.98,13.09,9.721882415090903,52.36278313860929
91.7,0_55,488.6,3741.89,13.07,9.721888972792478,52.36277715925129
91.8,0_55,489.37,3740.83,13.14,9.721895889820164,52.362771344462004
91.9,0_55,490.14,3739.77,13.12,9.72190280684785,52.36276552967194
92.0,0_55,490.91,3738.7,13.17,9.721909723875537,52.36275966002461
92.1,0_55,491.68,3737.65,13.07,9.721916640903226,52.36275390008954
92.2,0_55,492.44,3736.59,13.1,9.721923468099385,52.36274808529719
92.3,0_55,493.21,3735.52,13.15,9.721930385127072,52.36274221564753
92.4,0_55,493.98,3734.46,13.16,9.72193730215476,52.36273640085364
92.5,0_55,494.75,3733.4,13.1,9.721944219182449,52.362730586059
92.6,0_55,495.51,3732.34,13.09,9.721951046378608,52.362724771263565
92.7,0_55,496.28,3731.27,13.16,9.721957963406297,52.362718901610805
92.8,0_55,497.05,3730.21,13.13,9.721964880433985,52.36271308681386
92.9,0_55,497.82,3729.15,13.12,9.721971797461672,52.36270727201613
